zero_real,zero_imaginary,zero_has_conj,pole_real,pole_imaginary,pole_has_conj
0.229957062596118,0.3868952105284363,True,0.7920501043072428,0.25549683714142013,True
-0.5292335391955311,0.2554968371414201,True,,,
